{"cameraMode":{"drawMode":0,"name":"Shaded","section":"Shading Mode"},"sceneLighting":true,"audioPlay":false,"sceneViewState":{"m_AlwaysRefresh":false,"showFog":true,"showSkybox":true,"showFlares":true,"showImageEffects":true,"showParticleSystems":true,"showVisualEffectGraphs":true,"m_FxEnabled":true},"in2DMode":false,"pivot":{"x":0.9774200916290283,"y":1.6572141647338868,"z":-2.0289201736450197},"rotation":{"x":-0.012071557343006134,"y":0.8436340689659119,"z":-0.018985455855727197,"w":-0.5364553928375244},"size":4.320506572723389,"orthographic":true}