{"cameraMode":{"drawMode":0,"name":"Shaded","section":"Shading Mode"},"sceneLighting":true,"audioPlay":false,"sceneViewState":{"m_AlwaysRefresh":false,"showFog":true,"showSkybox":true,"showFlares":true,"showImageEffects":true,"showParticleSystems":true,"showVisualEffectGraphs":true,"m_FxEnabled":true},"in2DMode":false,"pivot":{"x":737.80322265625,"y":1037.8167724609375,"z":130.754638671875},"rotation":{"x":0.00039448964525945485,"y":0.9996050000190735,"z":0.017994852736592294,"w":-0.02188400737941265},"size":1126.76904296875,"orthographic":true}